"","data","Freq"
"1","阿比",1
"2","艾锦球",1
"3","艾某",5
"4","爱华",1
"5","爱情",1
"6","安炳京",2
"7","安定",2
"8","安定团结",2
"9","安国",1
"10","安徽省",3
"11","安某",14
"12","安心",1
"13","安业",1
"14","安置",1
"15","按本",4
"16","按揭",2
"17","按照",2
"18","案二审",2
"19","案件",1987
"20","案经",10
"21","八年",1
"22","八条",12
"23","八元",1
"24","巴萨",1
"25","坝子",1
"26","白某",11
"27","白塔区",1
"28","白雪",1
"29","百八十",1
"30","百分之五十",1
"31","百零",1
"32","百三",5
"33","百条",22
"34","柏某",2
"35","班应",1
"36","颁发",1
"37","搬出",1
"38","搬离",1
"39","办公",1
"40","办理",19
"41","办事处",1
"42","绑架",1
"43","包某",9
"44","包容",1
"45","宝贵",1
"46","宝山区",1
"47","宝兴",1
"48","宝珍",1
"49","保护",64
"50","保护法",1
"51","保全",10
"52","保全费",2
"53","保障",3
"54","保障法",33
"55","鲍海友",2
"56","鲍某",1
"57","鲍泽轩",1
"58","暴力",4
"59","暴力行为",4
"60","暴躁",1
"61","北碚区",1
"62","北城",1
"63","北栋",1
"64","北斗星",1
"65","北京市",10
"66","北京市西城区人民法院",4
"67","倍加",1
"68","被告",2305
"69","被告方",8
"70","被告人",79
"71","被上诉人",3
"72","被申请人",427
"73","奔驰",1
"74","本案",279
"75","本溪市",2
"76","本院",303
"77","本院认为",15
"78","毕玲",1
"79","毕玲犯",1
"80","毕某",7
"81","边秀娟",2
"82","变更",6
"83","便于",1
"84","标准",2
"85","表达",2
"86","表姐",1
"87","表示",2
"88","表现",6
"89","冰箱",3
"90","并报",4
"91","并非",1
"92","并经",2
"93","并未",5
"94","并育",1
"95","剥夺",6
"96","驳回",939
"97","驳回上诉",149
"98","补偿",2
"99","补偿费",1
"100","补偿款",3
"101","补充规定",1
"102","补助款",2
"103","不成",4
"104","不辞而别",1
"105","不到",1
"106","不得",1
"107","不动产",2
"108","不二",2
"109","不服",5
"110","不浪村",1
"111","不利",1
"112","不能",6
"113","不受",6
"114","不应",1
"115","不予",415
"116","不再",1
"117","不长",1
"118","不准",426
"119","不足",1
"120","不足以",2
"121","部分",2
"122","部门",1
"123","材料",2
"124","财产",23
"125","裁定",538
"126","裁定书",1
"127","裁判",2
"128","彩虹",1
"129","彩礼",20
"130","蔡昌苗",2
"131","蔡红",2
"132","蔡娟",1
"133","蔡娟恩",1
"134","蔡某",27
"135","蔡文进",1
"136","蔡宗",1
"137","参加",2
"138","参考",1
"139","参照",6
"140","残害",1
"141","操某",2
"142","曹秉楷",1
"143","曹桂英",2
"144","曹建芳",1
"145","曹某",32
"146","曹普茸",1
"147","曹云锋",1
"148","草率",1
"149","岑某",1
"150","曾碧兰",2
"151","曾文彪",1
"152","曾用名",1
"153","查封",4
"154","查明",3
"155","柴红娟",1
"156","柴继霞",1
"157","柴某",8
"158","柴延红",1
"159","禅及",1
"160","产生矛盾",2
"161","昌平区",1
"162","常某",6
"163","常曦",1
"164","常言道",1
"165","常燕",2
"166","偿付",1
"167","偿还",6
"168","场所",2
"169","超犯",1
"170","超华",1
"171","朝阳区",1
"172","车牌号",2
"173","车秀云",2
"174","彻底",6
"175","撤回",5
"176","撤诉",1
"177","撤销",24
"178","陈丙艳",2
"179","陈晨",2
"180","陈代伟",1
"181","陈道辉",1
"182","陈丰",1
"183","陈行宝",1
"184","陈洪",2
"185","陈欢",1
"186","陈建友",1
"187","陈君",2
"188","陈凯",1
"189","陈丽颖",2
"190","陈某",171
"191","陈木英",1
"192","陈倩倩",2
"193","陈全",1
"194","陈胜忠",1
"195","陈石",2
"196","陈述",2
"197","陈万英",2
"198","陈为",1
"199","陈伟",2
"200","陈小丽",2
"201","陈晓男",1
"202","陈秀华",1
"203","陈亚楠",1
"204","陈忆",2
"205","陈永权",1
"206","陈渝于",1
"207","陈忠",1
"208","陈珠蓉",1
"209","晨光",1
"210","谌登明",2
"211","成立",11
"212","成利平",2
"213","成某",2
"214","成年",3
"215","成群",1
"216","成人",1
"217","成日",1
"218","成长",2
"219","承包",2
"220","承担",122
"221","承德县",1
"222","承认",1
"223","城关区",1
"224","城中区",1
"225","程度",23
"226","程某",20
"227","惩罚",2
"228","充分",1
"229","仇善金",1
"230","出具",1
"231","出生",1
"232","出现",1
"233","初纪",2
"234","处及",1
"235","处理",93
"236","川祁",2
"237","传唤",1
"238","闯入",1
"239","创维",1
"240","春光",1
"241","春天",1
"242","纯收入",1
"243","慈润宾",2
"244","慈竹路",1
"245","此款",1
"246","此外",2
"247","次女",5
"248","次子",4
"249","聪颖",2
"250","从军",1
"251","从未",1
"252","促进",2
"253","崔利捷",1
"254","崔某",26
"255","崔艳玲",1
"256","翠屏区",1
"257","存放",1
"258","存款",4
"259","存续",2
"260","存在",3
"261","措施",1
"262","错误",1
"263","达到",3
"264","打电话",1
"265","打击",1
"266","打牌",1
"267","打人",1
"268","大江",1
"269","大街",1
"270","大军",1
"271","大男子主义",1
"272","大蓉",2
"273","大兴区",2
"274","代某",2
"275","代素芳",2
"276","贷款",2
"277","戴永斌",1
"278","丹阳市",1
"279","丹灶",1
"280","担保法",1
"281","单某",8
"282","单位",1
"283","单元",3
"284","淡漠",1
"285","当地",1
"286","当事人",45
"287","当庭",1
"288","砀山县",1
"289","导致",4
"290","到庭",3
"291","盗窃",1
"292","道路",1
"293","德安",1
"294","德尔",2
"295","德军",1
"296","登机",1
"297","登记",10
"298","登记手续",1
"299","等款",1
"300","邓艾华",2
"301","邓家斯",1
"302","邓姣艳",1
"303","邓某",23
"304","邓小娥",1
"305","邓志洪",1
"306","地质",1
"307","地质局",1
"308","第八十九",1
"309","第八条",46
"310","第二",9
"311","第二百",96
"312","第二百六十三条",1
"313","第二百三十六条",38
"314","第二款",516
"315","第二十八",1
"316","第二十八条",322
"317","第二十二条",15
"318","第二十九",1
"319","第二十九条",279
"320","第二十六",2
"321","第二十六条",369
"322","第二十七",3
"323","第二十七条",409
"324","第二十三条",27
"325","第二十四条",5
"326","第二十条",32
"327","第二十五条",53
"328","第二十一条",83
"329","第二条",249
"330","第二项",31
"331","第九",241
"332","第九十",1
"333","第九十八条",1
"334","第九十二",16
"335","第九十九条",9
"336","第九十七条",1
"337","第九十五条",2
"338","第九条",27
"339","第六",1
"340","第六十八条",1
"341","第六十二",6
"342","第六十九条",15
"343","第六十六",2
"344","第六十七条",61
"345","第六十三条",1
"346","第六十四",793
"347","第六十条",11
"348","第六十五条",8
"349","第六十一条",11
"350","第六条",16
"351","第六项",4
"352","第七十八条",2
"353","第七十九",2
"354","第七十六条",13
"355","第七十三",14
"356","第七条",39
"357","第七项",1
"358","第三",28
"359","第三款",212
"360","第三十八",2
"361","第三十八条",130
"362","第三十二条",2712
"363","第三十九",2
"364","第三十九条",210
"365","第三十六",1
"366","第三十六条",311
"367","第三十七",1
"368","第三十七条",302
"369","第三十三条",4
"370","第三十四条",16
"371","第三十条",34
"372","第三十五条",8
"373","第三十一条",31
"374","第三条",173
"375","第三项",28
"376","第三者",1
"377","第十",2
"378","第十八条",48
"379","第十二条",8
"380","第十九条",25
"381","第十六条",19
"382","第十七",2
"383","第十七条",72
"384","第十三条",16
"385","第十四条",5
"386","第十条",203
"387","第十五条",15
"388","第十一条",13
"389","第四",2
"390","第四款",6
"391","第四十二条",19
"392","第四十九条",7
"393","第四十六",55
"394","第四十七条",15
"395","第四十三条",27
"396","第四十四条",5
"397","第四十条",2
"398","第四十五",4
"399","第四十一条",51
"400","第四条",33
"401","第四项",10
"402","第五款",3
"403","第五十八",2
"404","第五十二",6
"405","第五十六条",4
"406","第五十七条",7
"407","第五十三条",1
"408","第五十四条",4
"409","第五十五",4
"410","第五条",31
"411","第五项",17
"412","第一",47
"413","第一百",176
"414","第一百八",6
"415","第一百九十六条",4
"416","第一百零九条",1
"417","第一百零七条",6
"418","第一百七",18
"419","第一百七十条",206
"420","第一百三十四条",54
"421","第一百五十",21
"422","第一百五十二条",5
"423","第一百五十四条",31
"424","第一次",1
"425","第一款",1059
"426","第一条",35
"427","第一项",169
"428","点素",1
"429","电动车",1
"430","电饭煲",1
"431","电脑",1
"432","电视",1
"433","刁某",3
"434","丁家",1
"435","丁磊",2
"436","丁蜜蜜",2
"437","丁某",22
"438","订婚",1
"439","定西市",1
"440","定向",1
"441","东犯",1
"442","东户",1
"443","东街",1
"444","东路",1
"445","东平",1
"446","董锦轶",1
"447","董静",2
"448","董某",27
"449","董兴磊",1
"450","董岩",1
"451","董艳飞",3
"452","董元",2
"453","冻结",6
"454","窦某",5
"455","独立",2
"456","赌博",1
"457","杜红东",1
"458","杜吉梅",1
"459","杜某",24
"460","杜元珍",1
"461","短信",1
"462","对梅",1
"463","对面",1
"464","对易",2
"465","对于",10
"466","多次",1
"467","多方",1
"468","多年",1
"469","多项",1
"470","恩泽",1
"471","儿童",3
"472","儿子",31
"473","二百二十五",1
"474","二百九十三",2
"475","二百零六",12
"476","二百六十",4
"477","二百六十四",1
"478","二百七十",6
"479","二百三十",27
"480","二百三十八",2
"481","二百四十",3
"482","二百四十五",1
"483","二百五十",1
"484","二百一十",11
"485","二层",1
"486","二款",20
"487","二龙",1
"488","二路",1
"489","二年",4
"490","二女",1
"491","二人",2
"492","二审",99
"493","二十",1
"494","二十八",1
"495","二十二",1
"496","二十二条",8
"497","二十九条",6
"498","二十七",7
"499","二十日",1
"500","二十三",1
"501","二十三条",3
"502","二十四条",8
"503","二十条",1
"504","二十一",1
"505","二述",1
"506","二条",8
"507","二项",3
"508","发出",16
"509","发动机",1
"510","发回",1
"511","发生",8
"512","发送",1
"513","发育",1
"514","发展",1
"515","法定",1
"516","法定期限",1
"517","法定条件",2
"518","法律",38
"519","法律条文",1
"520","法律效力",3
"521","法院",2
"522","法制",1
"523","樊本亮",1
"524","樊某",1
"525","樊秀仓",1
"526","反诉",4
"527","返还",41
"528","犯罪",21
"529","犯罪案件",1
"530","犯罪事实",14
"531","范德友",2
"532","范孟芹",1
"533","范明霞",1
"534","范某",19
"535","范润贞",2
"536","范文",1
"537","范泽琼",2
"538","方李",1
"539","方式",1
"540","方有权",1
"541","方周",1
"542","防止",1
"543","妨害",6
"544","房产",1
"545","房产证",1
"546","房某",1
"547","房秋娥",2
"548","房山区",1
"549","房屋",20
"550","房屋产权",3
"551","房业发",2
"552","放火",1
"553","放弃",1
"554","飞飞",1
"555","非法",1
"556","非婚生",5
"557","非婚生子",6
"558","费明秋",1
"559","费县",2
"560","分得",1
"561","分割",8
"562","分行",2
"563","分居",5
"564","纷争",1
"565","份额",2
"566","丰某",2
"567","丰自",1
"568","封某",2
"569","冯丽",2
"570","冯某",24
"571","冯占海",1
"572","冯志男",1
"573","凤犯",1
"574","奉节县",1
"575","佛山市",1
"576","否则",1
"577","夫妻",56
"578","夫妻感情",46
"579","夫妻关系",3
"580","扶助",1
"581","服务业",1
"582","服刑",1
"583","符合",33
"584","符某",6
"585","福安",3
"586","福对",1
"587","福林",2
"588","福清",1
"589","抚顺市",1
"590","抚慰金",1
"591","抚养",147
"592","抚养费",23
"593","抚养权",1
"594","抚育费",4
"595","父母",3
"596","付给",1
"597","付广",1
"598","付某",22
"599","付清",1
"600","付祖德",1
"601","负担",836
"602","负责",3
"603","妇女",29
"604","妇女儿童",2
"605","附带",1
"606","复旦",1
"607","复议",20
"608","傅某",4
"609","富贵",2
"610","富园",1
"611","该笔",1
"612","该款",1
"613","改善",1
"614","改造",1
"615","甘某",1
"616","甘肃省",2
"617","感情",5
"618","感情破裂",1
"619","干扰",1
"620","钢铁",1
"621","高东",1
"622","高红平",1
"623","高莉",2
"624","高某",46
"625","高淑琴",1
"626","高台县",1
"627","高霞霞",2
"628","高琰",2
"629","高志",2
"630","告诉",1
"631","格尔木市",1
"632","格兰仕",1
"633","葛唱",2
"634","葛某",12
"635","个人",3
"636","个人财产",1
"637","个人所有",1
"638","各半",12
"639","各人",1
"640","各项",3
"641","各庄",1
"642","各自",15
"643","给付",25
"644","给予",1
"645","根据",373
"646","根据上述",3
"647","跟踪",141
"648","耿某",4
"649","更好",1
"650","更玛犯",1
"651","工具",1
"652","工作",1
"653","公安",1
"654","公安部",1
"655","公告费",16
"656","公民",7
"657","公平",2
"658","公诉",1
"659","公务",5
"660","公有",1
"661","公正",2
"662","宫某",2
"663","宫卿",1
"664","宫小娟",2
"665","龚丽",2
"666","龚某",7
"667","龚清艳",1
"668","巩固",1
"669","巩某",4
"670","共国",1
"671","共和",5
"672","共和国",1
"673","共计",4
"674","共同",39
"675","共同财产",11
"676","共有",5
"677","沟通",4
"678","购买",3
"679","古某",5
"680","股份",3
"681","固定收入",1
"682","故城县",2
"683","故该",1
"684","故意杀人罪",20
"685","故意伤害罪",15
"686","顾海缤于",1
"687","顾鸿洋",1
"688","顾某",15
"689","关系",44
"690","关于",1067
"691","官玲",1
"692","管春梅",2
"693","管理",1
"694","管理区",1
"695","管某",3
"696","管辖",1
"697","管辖权",8
"698","管制",2
"699","贯彻执行",4
"700","广东省",1
"701","广州市",2
"702","归案",1
"703","归还",1
"704","归石",1
"705","归宿",1
"706","归原",1
"707","规定",3967
"708","柜子",1
"709","贵州省",1
"710","桂兰",1
"711","桂明款",1
"712","桂自",1
"713","郭镖",1
"714","郭洪香",1
"715","郭鸿",1
"716","郭某",53
"717","郭盼",2
"718","郭清",1
"719","郭清纪",1
"720","郭全忠",1
"721","郭霞",1
"722","郭雪飞",2
"723","郭艳琴",2
"724","郭依朵",1
"725","郭正明",1
"726","国法",1
"727","国军",1
"728","国某",1
"729","果某",2
"730","过程",1
"731","过大",1
"732","孩子",23
"733","孩子王",1
"734","海波",1
"735","海淀区",1
"736","海军",1
"737","海龙",1
"738","海燕",2
"739","海洋",1
"740","韩纯安",1
"741","韩纯安对",1
"742","韩东佼于",1
"743","韩飞阳",1
"744","韩美",1
"745","韩某",40
"746","韩庆",1
"747","韩晓梦",1
"748","寒梅",1
"749","寒香",1
"750","行使",1
"751","行为",13
"752","行政",1
"753","行政诉讼法",17
"754","航路",1
"755","豪爵牌",1
"756","郝岗乡",1
"757","郝娇犯",1
"758","郝某",15
"759","郝清国",2
"760","郝彤彤",1
"761","郝艳琴",1
"762","号码",2
"763","号牌",1
"764","浩然",1
"765","皓月",1
"766","合法",18
"767","合法权益",37
"768","合肥市",1
"769","合计",11
"770","合同",4
"771","合同法",40
"772","合议庭",11
"773","何爱英",1
"774","何丽君",4
"775","何录阳",1
"776","何某",40
"777","何士富",2
"778","何淑玲",1
"779","何伟",1
"780","何伟连",1
"781","何懿",2
"782","和睦",7
"783","和谐",17
"784","河北省",2
"785","河村",1
"786","河南省",4
"787","核准",2
"788","贺建祥",1
"789","贺某",9
"790","贺玉刚",2
"791","黑龙江省",1
"792","黑色",1
"793","恒梅",1
"794","衡某",2
"795","衡阳市",1
"796","红芬",1
"797","红军",1
"798","红梅",3
"799","红寺堡",1
"800","红为",1
"801","虹口区",2
"802","洪连",1
"803","洪某",5
"804","洪佩玲",1
"805","洪少英",1
"806","洪涛",2
"807","鸿运",1
"808","侯某",7
"809","侯兴明",2
"810","侯映",2
"811","后果",3
"812","后来",1
"813","呼桂琴",1
"814","呼玛",1
"815","胡凑",2
"816","胡辉",2
"817","胡某",50
"818","胡小丽",1
"819","胡元梅",2
"820","湖北省",1
"821","湖南省",3
"822","互谅互让",2
"823","互相",2
"824","户籍地",1
"825","户口",1
"826","护理费",1
"827","花某",1
"828","花园",1
"829","华对",1
"830","华佳溪",2
"831","华某",1
"832","华庆",1
"833","化某",2
"834","欢欢",2
"835","环境",2
"836","缓和",1
"837","缓期",1
"838","缓刑",11
"839","皇姑区",1
"840","黄保智",1
"841","黄春莉",1
"842","黄春明",1
"843","黄国健",4
"844","黄惠菊",1
"845","黄鲸",1
"846","黄连",2
"847","黄莲清",2
"848","黄某",75
"849","黄齐",1
"850","黄尚昆",2
"851","黄庭安为",1
"852","黄雅",1
"853","黄业",1
"854","黄怡仙",1
"855","黄志仁",1
"856","黄专成",1
"857","回家",1
"858","回娘家",1
"859","悔罪",5
"860","惠民",1
"861","婚后",7
"862","婚前",6
"863","婚生",33
"864","婚生次",1
"865","婚生子",63
"866","婚生子女",5
"867","婚姻",27
"868","婚姻登记",1
"869","婚姻法",3271
"870","婚姻关系",25
"871","婚姻家庭",58
"872","婚约",1
"873","或者",2
"874","霍某",4
"875","机关",1
"876","机会",1
"877","积极",1
"878","姬某",1
"879","基础",3
"880","基此",3
"881","基于",1
"882","嵇某",2
"883","羁押",13
"884","及第",1
"885","及其",95
"886","吉安市",1
"887","吉尔果果",1
"888","吉某",1
"889","吉首市",1
"890","即墨",1
"891","集团公司",1
"892","计划生育",1
"893","计某",1
"894","计算",14
"895","计为",1
"896","计艳M",2
"897","记录",1
"898","纪律",1
"899","季海娟",3
"900","季某",9
"901","季青",1
"902","济房",1
"903","济南市",3
"904","继承",7
"905","继承法",12
"906","继承人",1
"907","继续",1
"908","加强",1
"909","加深",1
"910","加之",1
"911","家人",1
"912","家属",2
"913","家庭",28
"914","家庭暴力",652
"915","家庭成员",3
"916","家庭和睦",1
"917","家园",1
"918","嘉定区",2
"919","甲于",1
"920","贾某",10
"921","贾伟",1
"922","嫁妆",2
"923","监护人",8
"924","菅某",1
"925","减半",1145
"926","简某",3
"927","简易程序",22
"928","建河",1
"929","建军",1
"930","建路",2
"931","建设",1
"932","建新",2
"933","剑峰",2
"934","健康成长",6
"935","健民",1
"936","鉴于",1
"937","江河",1
"938","江会纪",2
"939","江某",4
"940","江苏省",1
"941","江西省",4
"942","姜桂荣",4
"943","姜久凤",2
"944","姜丽芹",2
"945","姜某",18
"946","姜万雪",1
"947","蒋兵",1
"948","蒋良蓉",1
"949","蒋某",12
"950","蒋小华",1
"951","蒋银娥",1
"952","交流",1
"953","交纳",15
"954","交通事故",1
"955","交往",1
"956","焦点",2
"957","焦某",9
"958","焦锐",1
"959","焦素",1
"960","角度",1
"961","矫正",1
"962","缴纳",2
"963","轿车",4
"964","较大",1
"965","接处警",1
"966","接触",104
"967","街道",1
"968","结果",2
"969","结合",1
"970","结婚",7
"971","结婚登记",28
"972","结婚证",1
"973","结晶",1
"974","结字",1
"975","解除",28
"976","解决",2
"977","解决不了",1
"978","解某",2
"979","解释",640
"980","借贷",9
"981","借款",1
"982","今后",1
"983","金兰",1
"984","金某",30
"985","金钱",1
"986","金小华",1
"987","金小华犯",1
"988","金玉",4
"989","进行",7
"990","进入",2
"991","近亲属",46
"992","靳某",10
"993","禁止",442
"994","京墨",1
"995","经常",2
"996","经过",1
"997","经济",2
"998","经济犯罪",1
"999","经济损失",1
"1000","经济秩序",1
"1001","经某",1
"1002","经人介绍",1
"1003","经审查",21
"1004","经营权",1
"1005","荆江",5
"1006","荆某",3
"1007","荆雪芳",5
"1008","精神",11
"1009","精神痛苦",2
"1010","井某",1
"1011","景某",2
"1012","景阳",1
"1013","静安区",1
"1014","纠纷案件",3
"1015","九个",2
"1016","九十",1
"1017","九十五条",17
"1018","九条",28
"1019","拘役",2
"1020","居民",1
"1021","居住",3
"1022","鞠某",1
"1023","鞠永进",1
"1024","举证",3
"1025","句容市",2
"1026","具备",1
"1027","具体",4
"1028","具体意见",93
"1029","据此",864
"1030","距离",1
"1031","决定",9
"1032","军对",1
"1033","俊杰",1
"1034","开沟",1
"1035","开门",1
"1036","开始",1
"1037","凯迪拉克",1
"1038","康菊生",1
"1039","康某",9
"1040","抗诉",1
"1041","考虑",5
"1042","考验",2
"1043","柯某",5
"1044","可能",7
"1045","可取",1
"1046","可以",1
"1047","坑明扬",1
"1048","崆峒区",1
"1049","孔凯瑞",1
"1050","孔某",11
"1051","孔祥涵",1
"1052","孔祥仙",1
"1053","恐吓",14
"1054","恐吓威胁",1
"1055","口镇",1
"1056","扣押",1
"1057","款第",1
"1058","邝某",2
"1059","喇某",1
"1060","涞水县",2
"1061","赖某",1
"1062","兰某",4
"1063","兰山区",2
"1064","兰州市",1
"1065","郎某",1
"1066","郎佩燕",1
"1067","老年人",5
"1068","乐某",2
"1069","乐山市",1
"1070","了解",1
"1071","雷某",6
"1072","雷延花",2
"1073","雷玉萍",2
"1074","离婚",2068
"1075","梨花",2
"1076","黎川县",1
"1077","黎某",6
"1078","礼贤镇",1
"1079","李宝艳",2
"1080","李才",1
"1081","李沧区",3
"1082","李成",2
"1083","李春霞",1
"1084","李冬",4
"1085","李发泉",1
"1086","李方渡",1
"1087","李芳琴",1
"1088","李峰",1
"1089","李海颂",2
"1090","李海云",1
"1091","李海珍",1
"1092","李花",2
"1093","李辉武",1
"1094","李慧",1
"1095","李锦娟",2
"1096","李进",1
"1097","李静",1
"1098","李菊宁",1
"1099","李良娟",2
"1100","李梦",1
"1101","李敏",2
"1102","李某",353
"1103","李年",1
"1104","李培荣",2
"1105","李强",1
"1106","李胜力",1
"1107","李淑娟",2
"1108","李树金",1
"1109","李汶珈",2
"1110","李贤芝",1
"1111","李晓春",1
"1112","李孝群",2
"1113","李秀兰",1
"1114","李秀梅",2
"1115","李彦芝",1
"1116","李逸菲系",1
"1117","李永东",1
"1118","李永锦",1
"1119","李永锦对",1
"1120","李玉洁",2
"1121","李再权",2
"1122","李占亮",1
"1123","李照",1
"1124","李芝芝",1
"1125","李主昌",2
"1126","李梓腾",1
"1127","李宗琼",1
"1128","理想",1
"1129","理性",1
"1130","理应",2
"1131","理由",7
"1132","力哈",1
"1133","历城区",2
"1134","历下区",1
"1135","历字",1
"1136","立功",1
"1137","立即",3
"1138","丽丽",1
"1139","丽麦",1
"1140","利息",2
"1141","利学宁",1
"1142","荔湾区",2
"1143","连带",1
"1144","连艳灵",2
"1145","梁丹",1
"1146","梁某",15
"1147","梁素珍",4
"1148","梁田",1
"1149","梁兴",2
"1150","两个",2
"1151","两间",1
"1152","两人",3
"1153","量刑",1
"1154","廖某",9
"1155","林春月",2
"1156","林根",1
"1157","林洪",1
"1158","林洪对",1
"1159","林惠蓉",1
"1160","林季德",1
"1161","林家",1
"1162","林丽环",3
"1163","林某",26
"1164","林祺浩",1
"1165","林香莲",1
"1166","林珍",1
"1167","林周",1
"1168","林子",1
"1169","临沧市",1
"1170","临房",1
"1171","临潼",1
"1172","临沂市",1
"1173","吝某",4
"1174","吝威",1
"1175","蔺家毅",1
"1176","玲玲",1
"1177","凌某",6
"1178","零六个",1
"1179","另外",1
"1180","刘彬",2
"1181","刘冰惠",2
"1182","刘博睿",1
"1183","刘春华",1
"1184","刘春枝",1
"1185","刘德龙",1
"1186","刘根田云",1
"1187","刘光文",1
"1188","刘红雨",1
"1189","刘辉",2
"1190","刘建清",2
"1191","刘金凤",2
"1192","刘军",2
"1193","刘均玲",2
"1194","刘峻琦对",2
"1195","刘丽媛",1
"1196","刘柳梅",1
"1197","刘媚妮",1
"1198","刘梦媛",1
"1199","刘明",2
"1200","刘某",277
"1201","刘盼力",1
"1202","刘鹏宇",2
"1203","刘容",1
"1204","刘诗珍",1
"1205","刘桃元",1
"1206","刘万英犯",1
"1207","刘维国",1
"1208","刘伟",2
"1209","刘伟国",1
"1210","刘霞",2
"1211","刘小宴",2
"1212","刘晓静",1
"1213","刘效舜",2
"1214","刘燕静",2
"1215","刘玉明",1
"1216","刘媛",1
"1217","柳某",3
"1218","六安市",2
"1219","六个月",7
"1220","六十九条",4
"1221","六十四",3
"1222","六十条",2
"1223","龙感湖",1
"1224","龙桂豪",1
"1225","龙沙区",2
"1226","龙山县",1
"1227","龙小勇",1
"1228","娄某",2
"1229","楼房",1
"1230","楼里",1
"1231","卢丹",2
"1232","卢家岐",1
"1233","卢敏杰",1
"1234","卢某",15
"1235","卢兴",1
"1236","芦某",1
"1237","芦庄",1
"1238","鲁俊鹏",1
"1239","鲁某",4
"1240","鲁延伟",1
"1241","陆菊平",2
"1242","陆军",1
"1243","陆某",8
"1244","陆永强",1
"1245","栾某",1
"1246","栾志",1
"1247","罗道",2
"1248","罗钢",1
"1249","罗红贞",1
"1250","罗某",34
"1251","罗平",2
"1252","罗平县",1
"1253","罗萍",2
"1254","罗琼",2
"1255","罗庄区",1
"1256","骆某",1
"1257","漯河市",1
"1258","吕凤兰",1
"1259","吕某",21
"1260","吕忠彬",2
"1261","履行",4
"1262","麻某",1
"1263","马艾米",2
"1264","马得昌",2
"1265","马得俊",2
"1266","马法",1
"1267","马贵莲",1
"1268","马桂芳",1
"1269","马哈",1
"1270","马红",2
"1271","马慧芳",2
"1272","马兰",2
"1273","马丽梅",2
"1274","马丽萍",1
"1275","马林",1
"1276","马某",127
"1277","马庆雯",1
"1278","马热",2
"1279","马赛",2
"1280","马太",1
"1281","马外克力",1
"1282","马湾",1
"1283","马吓",1
"1284","马小燕",2
"1285","马晓玲",2
"1286","马娅莉",1
"1287","马砚鹏",1
"1288","马益明",1
"1289","马应花",1
"1290","马由素者",1
"1291","马有福",1
"1292","马泽由",1
"1293","马占华",1
"1294","买卖合同",1
"1295","麦某",3
"1296","谩骂",9
"1297","毛某",11
"1298","毛艳",2
"1299","毛仪芳",1
"1300","矛盾",9
"1301","茅某",1
"1302","没有",4
"1303","梅飞飞",1
"1304","梅景云",1
"1305","梅某",2
"1306","梅清书",1
"1307","梅五良",2
"1308","每个",1
"1309","每年",1
"1310","每月",19
"1311","美玉",2
"1312","妹犯",1
"1313","门路",1
"1314","蒙蒙",1
"1315","蒙某",2
"1316","孟某",12
"1317","孟雪梅",2
"1318","梦涵",1
"1319","密山市",1
"1320","免收",3
"1321","面积",1
"1322","面临",1
"1323","苗某",10
"1324","民安",1
"1325","民保令",3
"1326","民初",25
"1327","民法",42
"1328","民法通则",18
"1329","民间",9
"1330","民事",1912
"1331","民事案件",3
"1332","民事裁定",6
"1333","民事行为",1
"1334","民事判决",23
"1335","民事诉讼",221
"1336","民诉法",1
"1337","民特",1
"1338","民再",2
"1339","民政局",1
"1340","民终",2
"1341","闵春山",1
"1342","闵行区",2
"1343","闵某",1
"1344","名仕豪庭",1
"1345","名下",12
"1346","名义",28
"1347","明德",1
"1348","明确",1
"1349","明秀",1
"1350","明月",1
"1351","明珠",1
"1352","缪丽",1
"1353","缪某",5
"1354","摩托车",3
"1355","莫某",4
"1356","默某",1
"1357","牟某",3
"1358","某丙",2
"1359","某超",1
"1360","某臣",1
"1361","某晨",1
"1362","某承",1
"1363","某处",1
"1364","某丁",1
"1365","某发",1
"1366","某方",1
"1367","某芳",2
"1368","某粉",2
"1369","某峰",2
"1370","某凤",3
"1371","某夫叶",1
"1372","某负",1
"1373","某光",1
"1374","某哈麦",1
"1375","某海",1
"1376","某号",1
"1377","某会",1
"1378","某甲",29
"1379","某娟",2
"1380","某军",1
"1381","某君",1
"1382","某兰",2
"1383","某莲",1
"1384","某良",2
"1385","某玲",2
"1386","某龙",1
"1387","某梅",1
"1388","某某",1051
"1389","某某某",4
"1390","某娜",2
"1391","某楠",1
"1392","某鹏",2
"1393","某清",1
"1394","某荣",1
"1395","某瑞",1
"1396","某沙",1
"1397","某双",1
"1398","某讼",2
"1399","某诉",4
"1400","某腾",1
"1401","某文",1
"1402","某贤",1
"1403","某香",1
"1404","某馨",1
"1405","某艳",2
"1406","某乙",2
"1407","某乙及",1
"1408","某乙随",1
"1409","某乙由",1
"1410","某英",2
"1411","某于",11
"1412","某源",1
"1413","某远",1
"1414","某珍",4
"1415","某臻",1
"1416","母亲",2
"1417","沐川",1
"1418","穆某",9
"1419","那日",2
"1420","耐磨材料",2
"1421","男孩",19
"1422","男张",1
"1423","南海区",1
"1424","南路",1
"1425","南通市",1
"1426","内即",1
"1427","内容",2
"1428","内向",5
"1429","能够",2
"1430","能力",2
"1431","尼某",1
"1432","倪欢",1
"1433","倪某",5
"1434","倪生",2
"1435","年度",1
"1436","年龄",1
"1437","年满",4
"1438","年幼",2
"1439","聂某",8
"1440","聂平",1
"1441","聂平香",1
"1442","宁某",2
"1443","宁夏",1
"1444","宁夏回族自治区",1
"1445","牛佳宝",1
"1446","牛某",5
"1447","农场",1
"1448","农村居民",1
"1449","农村土地",1
"1450","虐待",2
"1451","女安",1
"1452","女安嘉",1
"1453","女儿",40
"1454","女葛某",1
"1455","女顾",1
"1456","女孩",16
"1457","女陆",1
"1458","女罗某",1
"1459","女马",3
"1460","女全",1
"1461","女冉思怡",1
"1462","女尚奕彤",1
"1463","女王",11
"1464","女余",1
"1465","女张",1
"1466","欧打",1
"1467","欧某",11
"1468","殴打",92
"1469","牌号",2
"1470","潘登",3
"1471","潘某",25
"1472","潘水琼犯",1
"1473","潘勇",4
"1474","判处",44
"1475","判决",3324
"1476","判决书",7
"1477","判令",4
"1478","庞洁",1
"1479","庞某",6
"1480","陪嫁",3
"1481","赔偿",4
"1482","赔偿标准",1
"1483","裴某",7
"1484","配偶",1
"1485","彭军",1
"1486","彭军武",1
"1487","彭某",36
"1488","彭晓强",2
"1489","彭长",1
"1490","鹏飞",1
"1491","鹏林",1
"1492","皮水华",1
"1493","脾气",1
"1494","偏房",1
"1495","平等",6
"1496","平房",2
"1497","平凉市",1
"1498","平山区",2
"1499","评估",1
"1500","评估费",1
"1501","评价",1
"1502","评议",11
"1503","迫切愿望",2
"1504","破裂",43
"1505","蒲某",1
"1506","朴某",5
"1507","浦某",1
"1508","七个",3
"1509","七年",3
"1510","七日",3
"1511","七十二条",17
"1512","七十六",1
"1513","七十条",2
"1514","七条",34
"1515","戚某",3
"1516","期间",14
"1517","期限",3
"1518","期自",2
"1519","齐某",2
"1520","齐齐哈尔市",2
"1521","祁东县",2
"1522","祁某",2
"1523","其他",62
"1524","其它",6
"1525","其有",1
"1526","其余",1
"1527","启新",1
"1528","起诉",25
"1529","汽车",1
"1530","迁出",4
"1531","签订",5
"1532","前进",1
"1533","前述",1
"1534","钱飙",2
"1535","钱少",1
"1536","欠款",1
"1537","强奸罪",1
"1538","强某",2
"1539","乔丽",2
"1540","乔良",2
"1541","乔某",11
"1542","乔忠",2
"1543","切实",2
"1544","侵犯",6
"1545","侵权",21
"1546","侵入",1
"1547","亲属",12
"1548","秦都",1
"1549","秦辉",2
"1550","秦孟芬",1
"1551","秦某",11
"1552","秦志桃",1
"1553","青岛市",4
"1554","青海省",2
"1555","青原区",1
"1556","情节",25
"1557","情况",3
"1558","情形",2
"1559","请求",27
"1560","庆安",2
"1561","庆云",1
"1562","邱莉",1
"1563","邱某",18
"1564","屈某",1
"1565","屈小娥",1
"1566","渠某",1
"1567","瞿某",1
"1568","曲京仓",2
"1569","曲某",2
"1570","取名",1
"1571","权第",1
"1572","权利",3
"1573","权时",1
"1574","权益",46
"1575","权证",7
"1576","全案",2
"1577","全部",13
"1578","全犯",1
"1579","全福",2
"1580","全某",7
"1581","拳头",1
"1582","缺乏",3
"1583","缺席判决",22
"1584","确定",5
"1585","确认",2
"1586","确属",1
"1587","确已",25
"1588","群犯",1
"1589","冉晓英",2
"1590","惹共为",1
"1591","人丁",1
"1592","人均",1
"1593","人口",1
"1594","人马",7
"1595","人民",3
"1596","人民币",188
"1597","人民法院",197
"1598","人民共和国",11
"1599","人身",15
"1600","人身安全",25
"1601","人身保护",1
"1602","人身权利",4
"1603","人生",1
"1604","人危",1
"1605","人文",1
"1606","人向",1
"1607","人张",1
"1608","仁怀市",1
"1609","认定",30
"1610","认可",1
"1611","认识",1
"1612","认为",21
"1613","认证",1
"1614","认罪态度",2
"1615","任崇敏",4
"1616","任伦彩",1
"1617","任某",11
"1618","任雯",2
"1619","日房",1
"1620","日内",7
"1621","日生",2
"1622","日向",2
"1623","日照市",1
"1624","戎某",5
"1625","荣某",2
"1626","荣于",2
"1627","如果",8
"1628","如何",28
"1629","如尼",1
"1630","如下",3618
"1631","儒于",1
"1632","汝阳县",2
"1633","辱骂",29
"1634","阮承富",2
"1635","阮某",4
"1636","芮某",2
"1637","瑞金市",1
"1638","瑞随",1
"1639","瑞雪",2
"1640","若干",693
"1641","若干意见",24
"1642","若能",1
"1643","三百",1
"1644","三百五十",1
"1645","三百元",7
"1646","三角",1
"1647","三款",7
"1648","三年",3
"1649","三泉",1
"1650","三日",3
"1651","三十八",5
"1652","三十二条",31
"1653","三十九",5
"1654","三十六条",7
"1655","三十七",11
"1656","三十日",2
"1657","三十四",1
"1658","三十条",1
"1659","三条",10
"1660","桑某",2
"1661","骚扰",167
"1662","沙发",2
"1663","沙某",5
"1664","山东省",6
"1665","山路",1
"1666","陕某",1
"1667","赡养",1
"1668","赡养费",4
"1669","伤害",2
"1670","伤自尊",1
"1671","商某",2
"1672","商水县",1
"1673","上半年",1
"1674","上蔡县",1
"1675","上海",2
"1676","上海市",12
"1677","上海市浦东新区",5
"1678","上栗县",2
"1679","上列",1
"1680","上述",15
"1681","上诉",12
"1682","上诉人",52
"1683","上周",2
"1684","尚丽琼",2
"1685","尚某",5
"1686","尚巧梅",2
"1687","尚未",3
"1688","尚小",1
"1689","尚小煜",1
"1690","尚有",3
"1691","邵红侠",2
"1692","邵某",9
"1693","佘某",3
"1694","社会",45
"1695","社会治安",1
"1696","社会秩序",1
"1697","社会主义",12
"1698","社区",1
"1699","涉及",15
"1700","涉外",2
"1701","申国群",1
"1702","申某",3
"1703","申请",146
"1704","申请材料",1
"1705","申请费",1
"1706","申请人",381
"1707","申请事项",2
"1708","身份证号",1
"1709","身体健康",1
"1710","身心健康",2
"1711","莘某",2
"1712","神庆娟",1
"1713","沈丽",2
"1714","沈某",26
"1715","沈阳市",1
"1716","沈正茂",1
"1717","审查",1
"1718","审理",188
"1719","审判",9
"1720","生产",1
"1721","生儿育女",1
"1722","生活",78
"1723","生命权",1
"1724","生女",1
"1725","生前",1
"1726","生小孩",8
"1727","生效",116
"1728","生一子",4
"1729","生意",1
"1730","生有",1
"1731","生育",11
"1732","生长",13
"1733","生之子",11
"1734","胜利",1
"1735","胜武",1
"1736","胜西",1
"1737","胜辛路",1
"1738","盛犯",1
"1739","盛某",4
"1740","剩余",1
"1741","师某",3
"1742","诗雯",1
"1743","施进",2
"1744","施某",3
"1745","施小丽为",1
"1746","十八条",10
"1747","十八周岁",2
"1748","十二年",3
"1749","十二条",3
"1750","十九",1
"1751","十六条",5
"1752","十年",1
"1753","十日",43
"1754","十三条",6
"1755","十四年",2
"1756","十四条",9
"1757","十条",232
"1758","十五日",3
"1759","十五条",5
"1760","十项",2
"1761","十一",3
"1762","石宝镇",1
"1763","石家庄市",1
"1764","石景山区",1
"1765","石某",24
"1766","石显云",1
"1767","石嘴山市",1
"1768","时间",2
"1769","时军",2
"1770","实际",1
"1771","实施",182
"1772","实物",1
"1773","食品",1
"1774","史娜",2
"1775","史玉娟",2
"1776","使用",1
"1777","世纪",1
"1778","市字第",2
"1779","事实",17
"1780","视频",1
"1781","视为",1
"1782","是否",6
"1783","适应",4
"1784","适用",653
"1785","适用法律",39
"1786","收割机",1
"1787","收取",1090
"1788","收入",2
"1789","收养",1
"1790","首都机场",1
"1791","受理",3
"1792","受理费",1914
"1793","售房款",1
"1794","淑芳",1
"1795","舒通",1
"1796","属于",2
"1797","属原",1
"1798","树林",1
"1799","数额",1
"1800","数月",1
"1801","双方",72
"1802","双清",1
"1803","双泉",2
"1804","水产",1
"1805","水浇地",1
"1806","顺义区",1
"1807","说话",1
"1808","司法部",1
"1809","司法解释",3
"1810","司某",2
"1811","思思",1
"1812","死刑",1
"1813","四百八十",5
"1814","四川省",2
"1815","四个",1
"1816","四款",2
"1817","四年",2
"1818","四十八条",10
"1819","四十二",1
"1820","四十二条",141
"1821","四十九",1
"1822","四十七",1
"1823","四条",54
"1824","松花",1
"1825","松下",1
"1826","宋翠萍",1
"1827","宋某",26
"1828","宋秋宏",2
"1829","宋素珍",1
"1830","宋卫利",2
"1831","宋小明",2
"1832","宋志有",1
"1833","苏某",16
"1834","苏新",1
"1835","苏与",1
"1836","苏州市",1
"1837","诉法",1
"1838","诉前保全",1
"1839","诉请",8
"1840","诉求",3
"1841","诉讼",2
"1842","诉讼法",1864
"1843","诉讼费",16
"1844","诉讼费用",6
"1845","诉讼请求",1042
"1846","诉讼时效",1
"1847","虽经",1
"1848","虽然",1
"1849","虽因",1
"1850","随常",1
"1851","随父",4
"1852","随胡",1
"1853","随母",3
"1854","随张",1
"1855","孙骥",4
"1856","孙骥及",1
"1857","孙佳妮",2
"1858","孙某",76
"1859","孙尚庆为",1
"1860","孙受",4
"1861","孙习",2
"1862","孙习卫",2
"1863","孙小娟",1
"1864","孙心放",1
"1865","孙秀荣",1
"1866","孙玄宇",1
"1867","孙云峰",1
"1868","孙忠旺",2
"1869","损害赔偿",17
"1870","损失",2
"1871","所带",1
"1872","所负",1
"1873","所建",1
"1874","所欠",1
"1875","所生",20
"1876","所需",1
"1877","所有",16
"1878","所有权",1
"1879","所有权证",1
"1880","所育",2
"1881","索取",1
"1882","琐事",4
"1883","他人",1
"1884","邰某",3
"1885","太和县",1
"1886","谭家",1
"1887","谭理琼",2
"1888","谭某",12
"1889","谭鹏宇",1
"1890","谭启蓉",2
"1891","谭强",2
"1892","谭勇军",1
"1893","谭再龙",1
"1894","探视权",1
"1895","探望",4
"1896","唐凤华",1
"1897","唐建明",1
"1898","唐某",15
"1899","唐荣",1
"1900","唐素珍",1
"1901","唐鲜",2
"1902","唐向",2
"1903","唐雪琴",1
"1904","唐壹宏",1
"1905","唐振喜",1
"1906","塘村",1
"1907","塘路",1
"1908","陶俊义",2
"1909","陶某",5
"1910","讨论",5
"1911","腾腾",1
"1912","滕某",2
"1913","提出",36
"1914","提供",5
"1915","提交",3
"1916","天安",1
"1917","天台县",1
"1918","田德建",1
"1919","田萌",1
"1920","田某",34
"1921","田由常",1
"1922","条第",7
"1923","条和",7
"1924","条及",10
"1925","条件",16
"1926","条款",1
"1927","条例",1
"1928","调查",1
"1929","调查表",1
"1930","调和",2
"1931","调解",40
"1932","听听",2
"1933","庭审",6
"1934","停止",1
"1935","婷婷",1
"1936","通州区",1
"1937","同居",35
"1938","同时",3
"1939","同样",1
"1940","同意",4
"1941","佟某",2
"1942","彤霞",1
"1943","桐城市",1
"1944","童某",5
"1945","童毅",2
"1946","潼南",1
"1947","屠建江",1
"1948","屠林丽",1
"1949","土地",1
"1950","土地管理法",2
"1951","土麦",1
"1952","土尼",1
"1953","退付",1
"1954","退还",5
"1955","外债",1
"1956","完成学业",1
"1957","完全",2
"1958","完整",3
"1959","挽救",11
"1960","皖桐",1
"1961","万安",1
"1962","万东玉",1
"1963","万某",10
"1964","万乔英",1
"1965","万元",3
"1966","汪池贤",2
"1967","汪军",1
"1968","汪某",15
"1969","汪文斌",1
"1970","汪亚",2
"1971","王爱菊",2
"1972","王安艳",2
"1973","王锋",1
"1974","王凤麟",4
"1975","王凤英",1
"1976","王贵",1
"1977","王恒瑾",1
"1978","王红丽",2
"1979","王宏侠",2
"1980","王虹",1
"1981","王建锋",1
"1982","王丽荣",1
"1983","王莉云",1
"1984","王连武",1
"1985","王连喜",1
"1986","王良香",2
"1987","王明",3
"1988","王某",353
"1989","王农权",1
"1990","王攀",1
"1991","王青",3
"1992","王群茜",1
"1993","王肃",2
"1994","王童亮",1
"1995","王孝金",1
"1996","王鑫海",1
"1997","王兴",2
"1998","王兴贵",1
"1999","王秀莲",1
"2000","王雪",2
"2001","王雪娇",1
"2002","王艳芳",2
"2003","王永会",1
"2004","王永权",1
"2005","王宇彤",1
"2006","王玉珍",1
"2007","王育",2
"2008","王裕泽",1
"2009","王云花",1
"2010","王志",1
"2011","王志亭",1
"2012","王志英",1
"2013","王子",1
"2014","危害",23
"2015","危害性",1
"2016","危某",3
"2017","危险",1
"2018","危险性",1
"2019","威海市",1
"2020","威胁",86
"2021","微波炉",1
"2022","微微",2
"2023","微信",2
"2024","微型",1
"2025","韦杰祥",2
"2026","韦某",2
"2027","韦耀文",1
"2028","为此",24
"2029","为了",47
"2030","为苏",2
"2031","为宜",1
"2032","为止",1
"2033","违反",1
"2034","维持",27
"2035","维持原判",128
"2036","维护",94
"2037","委员会",9
"2038","隗某",2
"2039","卫对",2
"2040","卫某",1
"2041","未办",18
"2042","未办理",11
"2043","未成年",6
"2044","未成年人",1
"2045","未处理",1
"2046","未果",1
"2047","未遂",1
"2048","位于",23
"2049","魏怀玉",2
"2050","魏加如",2
"2051","魏某",27
"2052","魏新芳",1
"2053","魏玉华",1
"2054","温冬华",1
"2055","温某",3
"2056","文宝",1
"2057","文登",1
"2058","文付芬",1
"2059","文华",1
"2060","文龙",1
"2061","文明",6
"2062","文某",5
"2063","文青芬",1
"2064","文小玲",1
"2065","文学",1
"2066","文勇",2
"2067","稳定",53
"2068","稳定性",5
"2069","问某",1
"2070","问题",457
"2071","汶水",1
"2072","翁方贵",1
"2073","邬某",1
"2074","无法",2
"2075","无过错",1
"2076","无期徒刑",4
"2077","无效",37
"2078","无需",1
"2079","吴峰",2
"2080","吴建乡",2
"2081","吴江",3
"2082","吴军",2
"2083","吴龙",2
"2084","吴某",75
"2085","吴琼蓉",2
"2086","吴天梅",1
"2087","吴尾兰",1
"2088","吴云飞",1
"2089","吴忠市",1
"2090","五个",3
"2091","五间",1
"2092","五年",1
"2093","五日",4
"2094","五十八条",7
"2095","五岁",1
"2096","五条",12
"2097","伍某",1
"2098","伍早",1
"2099","仵某",1
"2100","武对",2
"2101","武金娥",1
"2102","武某",6
"2103","武于",1
"2104","侮辱",3
"2105","物权法",26
"2106","物三",1
"2107","西安市",1
"2108","西便门",1
"2109","西城区",1
"2110","西河",1
"2111","西里",1
"2112","西路",1
"2113","西宁市",1
"2114","西市区",1
"2115","西巷",1
"2116","希望",2
"2117","奚某",3
"2118","稀某",1
"2119","习俗",1
"2120","洗衣机",1
"2121","喜事",1
"2122","细木",1
"2123","下列",1
"2124","下同",2
"2125","夏登",2
"2126","夏君琴",1
"2127","夏冕",2
"2128","夏某",22
"2129","先锋",1
"2130","先行",6
"2131","嫌疑",1
"2132","显示",1
"2133","县舟",1
"2134","现查明",1
"2135","现场",1
"2136","现金",1
"2137","现均",1
"2138","现年",1
"2139","现实",1
"2140","现王",2
"2141","现已",1
"2142","现有",2
"2143","现在",9
"2144","限本",2
"2145","限于",1
"2146","限制",1
"2147","相差",1
"2148","相当于",1
"2149","相关",42
"2150","相互理解",1
"2151","相某",1
"2152","相识",1
"2153","香及",1
"2154","香某",1
"2155","湘乡市",1
"2156","享有",2
"2157","向原",1
"2158","项源涛",1
"2159","象湖",1
"2160","肖柏发",2
"2161","肖开敏",2
"2162","肖某",21
"2163","小孩",5
"2164","小利",1
"2165","小区",2
"2166","小溪",1
"2167","小型",1
"2168","小园",1
"2169","协议",3
"2170","协议书",1
"2171","协助",1
"2172","写明",1
"2173","谢百云",2
"2174","谢东",2
"2175","谢建英",2
"2176","谢立利",1
"2177","谢某",20
"2178","谢玉娥",1
"2179","心雨",1
"2180","辛某",6
"2181","辛升云",1
"2182","新村",1
"2183","新抚区",1
"2184","新华",1
"2185","新建",3
"2186","新阳",2
"2187","新余市",1
"2188","刑初",2
"2189","刑法",80
"2190","刑某",2
"2191","刑期",20
"2192","刑事案件",2
"2193","刑事法律",1
"2194","刑事犯罪",1
"2195","刑事诉讼法",52
"2196","邢某",3
"2197","形式",12
"2198","兴隆",3
"2199","性格不合",1
"2200","性质",18
"2201","凶器",1
"2202","熊某",10
"2203","熊志花",2
"2204","修建",1
"2205","宿某",1
"2206","秀艳",1
"2207","秀英",4
"2208","胥某",1
"2209","虚假",1
"2210","徐春玲",1
"2211","徐国",1
"2212","徐慧津子",2
"2213","徐某",92
"2214","徐鹏",2
"2215","徐庆福",2
"2216","徐涛",2
"2217","徐玉霞",1
"2218","许春利",2
"2219","许凤荣",3
"2220","许慧",2
"2221","许兰于",1
"2222","许某",28
"2223","许庆华",2
"2224","许素玉",3
"2225","许瑶",2
"2226","许智森",1
"2227","宣犯",1
"2228","宣告",1
"2229","宣化",1
"2230","旋耕机",1
"2231","选择",1
"2232","薛春英",1
"2233","薛玲犯",1
"2234","薛某",12
"2235","薛少波",2
"2236","薛溪溪",1
"2237","薛有鹏",2
"2238","学费",1
"2239","学海",1
"2240","学林",2
"2241","雪峰",1
"2242","雪莲",1
"2243","雪松",2
"2244","寻衅滋事",1
"2245","押金",1
"2246","亚东",1
"2247","鄢陵县",1
"2248","延军",1
"2249","延长",1
"2250","闫某",13
"2251","严和东",2
"2252","严某",14
"2253","严肃",2
"2254","严肃性",1
"2255","研究",4
"2256","盐山县",1
"2257","盐铁",1
"2258","颜某",10
"2259","郾城",1
"2260","雁塔区",1
"2261","秧某",2
"2262","阳某",1
"2263","阳艳",1
"2264","杨桂荣",2
"2265","杨海花",2
"2266","杨杰",1
"2267","杨军",2
"2268","杨凯",1
"2269","杨坤",1
"2270","杨利美",2
"2271","杨明",2
"2272","杨某",162
"2273","杨木",1
"2274","杨宁环",1
"2275","杨浦区",1
"2276","杨生贵",1
"2277","杨树",1
"2278","杨贤君",2
"2279","杨显政",2
"2280","杨新为",1
"2281","杨星",1
"2282","杨雪玲",1
"2283","杨艳斌",1
"2284","杨英艺",3
"2285","杨玉芬",1
"2286","杨钰函",1
"2287","杨跃文",1
"2288","养生",1
"2289","姚纲",2
"2290","姚海芸",1
"2291","姚鸿斌",1
"2292","姚某",32
"2293","瑶海区",1
"2294","要件",1
"2295","要求",619
"2296","叶某",9
"2297","叶青",1
"2298","叶霜于",1
"2299","叶小香",2
"2300","一百八十九",1
"2301","一百二十八",3
"2302","一百二十七",7
"2303","一百二十条",1
"2304","一百九十",6
"2305","一百零八",7
"2306","一百零二",13
"2307","一百零六",1
"2308","一百零三",15
"2309","一百零五",1
"2310","一百六十",3
"2311","一百七十",10
"2312","一百三十八",1
"2313","一百四十",8
"2314","一百四十四",716
"2315","一百五十元",2
"2316","一百一十",33
"2317","一半",2
"2318","一次",3
"2319","一次性",5
"2320","一定",2
"2321","一段时间",1
"2322","一份",1
"2323","一峰",1
"2324","一户",1
"2325","一角",1
"2326","一款",8
"2327","一辆",3
"2328","一路",1
"2329","一年",11
"2330","一女",2
"2331","一起",1
"2332","一日",3
"2333","一审",9
"2334","一审判决",2
"2335","一台",1
"2336","一套",1
"2337","一条",27
"2338","一万八千",1
"2339","一项",2
"2340","一之",1
"2341","一子",2
"2342","衣柜",1
"2343","衣某",2
"2344","衣物",3
"2345","医疗费",2
"2346","依法",25
"2347","依法办理",1
"2348","依据",493
"2349","依照",3676
"2350","黟县",1
"2351","宜宾市",1
"2352","移送",22
"2353","遗产",2
"2354","乙某",1
"2355","已成",1
"2356","已经",1
"2357","已有",1
"2358","已于",1
"2359","以及",36
"2360","以前",6
"2361","以上",1
"2362","以下",2
"2363","义乌市",2
"2364","义务",3
"2365","义勇",2
"2366","艺冉",1
"2367","艺轩",1
"2368","屹随",1
"2369","异议",9
"2370","译文",1
"2371","易超",1
"2372","意见",7
"2373","意见书",1
"2374","意思",1
"2375","因此",4
"2376","因素",2
"2377","因谈",1
"2378","因童",1
"2379","殷某",14
"2380","银行",2
"2381","银行存款",2
"2382","银行账号",1
"2383","银河证券",1
"2384","尹某",16
"2385","引发",1
"2386","英犯",1
"2387","英杰",1
"2388","迎金",1
"2389","营口市",2
"2390","营业部",1
"2391","应当",5
"2392","应某",4
"2393","应为",1
"2394","应以",4
"2395","应用",1
"2396","应于",9
"2397","应予",1
"2398","应予以",1
"2399","拥军",1
"2400","拥有",1
"2401","雍某",1
"2402","永清",2
"2403","用于",1
"2404","尤某",8
"2405","由包",1
"2406","由程",3
"2407","由丁",2
"2408","由樊",1
"2409","由伏",1
"2410","由付",1
"2411","由何",1
"2412","由贺",1
"2413","由乐",1
"2414","由雷",1
"2415","由林",1
"2416","由龙",1
"2417","由罗某",1
"2418","由麻",1
"2419","由马",3
"2420","由孟某",1
"2421","由戚",1
"2422","由任",1
"2423","由石",1
"2424","由苏",1
"2425","由孙",3
"2426","由童",1
"2427","由王",14
"2428","由闻",1
"2429","由香",1
"2430","由颜",1
"2431","由于",2
"2432","由余",1
"2433","由原",20
"2434","由张",7
"2435","由周",1
"2436","由祝",1
"2437","有个",2
"2438","有关",14
"2439","有力",1
"2440","有利于",3
"2441","有期徒刑",34
"2442","有限公司",5
"2443","有余",1
"2444","于本",25
"2445","于丽平",1
"2446","于长",1
"2447","余昌中",1
"2448","余道容",1
"2449","余德婧",2
"2450","余二",2
"2451","余海",1
"2452","余江",1
"2453","余婧琼",2
"2454","余某",17
"2455","余水",1
"2456","余天",2
"2457","余元",1
"2458","俞巾萍",2
"2459","俞某",3
"2460","渝水区",1
"2461","虞杏松",1
"2462","予以",16
"2463","宇随",1
"2464","玉川",1
"2465","玉花",3
"2466","玉竹",4
"2467","郁某",5
"2468","育才",1
"2469","预交",31
"2470","预缴",11
"2471","喻某",1
"2472","裕华区",1
"2473","裕徽苑",1
"2474","裕兴",1
"2475","元方",1
"2476","元及",2
"2477","元盛",1
"2478","元旭婷",1
"2479","元由常",1
"2480","元由林",1
"2481","元由余",1
"2482","元于",1
"2483","元整",1
"2484","元至",2
"2485","袁得芹",4
"2486","袁怀山",2
"2487","袁家冲",1
"2488","袁礼涛",2
"2489","袁某",23
"2490","袁若熙",1
"2491","袁霞",1
"2492","原被告",8
"2493","原董",2
"2494","原告",3857
"2495","原告方",8
"2496","原告人",1
"2497","原胡",1
"2498","原梁",1
"2499","原乔",1
"2500","原邱",1
"2501","原汪",1
"2502","原王",1
"2503","原武",2
"2504","原胥",1
"2505","原则性",1
"2506","原张",1
"2507","援引",1
"2508","院内",2
"2509","愿意",1
"2510","约定",1
"2511","月份",2
"2512","月始",1
"2513","岳某",8
"2514","岳喜林",2
"2515","云南省",1
"2516","运飞",2
"2517","再次发生",1
"2518","再审",18
"2519","在案",1
"2520","在原",1
"2521","昝某",2
"2522","暂用",1
"2523","暂由",1
"2524","遭受",1
"2525","早日",1
"2526","责令",6
"2527","责任",2
"2528","责任法",18
"2529","赠与",2
"2530","翟贝",2
"2531","翟敏洁",2
"2532","翟某",5
"2533","债权",1
"2534","债务",2
"2535","债务纠纷",13
"2536","詹超禄",1
"2537","詹建伟",1
"2538","詹俊刚",1
"2539","詹某",2
"2540","詹懿",1
"2541","站前区",1
"2542","张爱甜",2
"2543","张保兰",1
"2544","张冰",2
"2545","张彩丽",2
"2546","张超华",1
"2547","张春枝",2
"2548","张凤奎",1
"2549","张桂梅",1
"2550","张国翠",1
"2551","张国智",2
"2552","张涵",2
"2553","张红刚",1
"2554","张红岩",2
"2555","张红义",1
"2556","张会影",1
"2557","张家",2
"2558","张金梅",1
"2559","张京生",2
"2560","张兰英",1
"2561","张澜",2
"2562","张蕾",1
"2563","张莉",2
"2564","张玲",2
"2565","张孟",1
"2566","张梦花",1
"2567","张某",329
"2568","张培鑫",2
"2569","张琪悦",2
"2570","张仁君",1
"2571","张瑞兰于",1
"2572","张石健",1
"2573","张时中",1
"2574","张丝秀",1
"2575","张廷龙",1
"2576","张显",1
"2577","张晓东",1
"2578","张晓旭",2
"2579","张秀芬",1
"2580","张薰",2
"2581","张雅砚",1
"2582","张燕",2
"2583","张燕晓",1
"2584","张叶",1
"2585","张义敏",2
"2586","张应",2
"2587","张钰婕",2
"2588","张元英",1
"2589","张云成",1
"2590","张韵",2
"2591","张振民",2
"2592","张志强",2
"2593","彰显",1
"2594","长刀",1
"2595","长发",2
"2596","长女",5
"2597","长寿区",1
"2598","长垣县",1
"2599","长子",4
"2600","账户",2
"2601","招某",1
"2602","赵大刚",2
"2603","赵桂荣",1
"2604","赵红云",2
"2605","赵吉财",2
"2606","赵婧涵",2
"2607","赵娟",1
"2608","赵凯",2
"2609","赵连英",2
"2610","赵某",113
"2611","赵世芬",1
"2612","赵淑彬",1
"2613","赵廷海",1
"2614","赵燕芝",1
"2615","赵育旗",1
"2616","折抵",3
"2617","针对",1
"2618","珍爱",1
"2619","真实",1
"2620","甄某",3
"2621","振华",2
"2622","镇绵",1
"2623","镇王",1
"2624","镇西",1
"2625","争议",3
"2626","征求",1
"2627","征收",1
"2628","正常",3
"2629","正当",1
"2630","证据",222
"2631","证据不足",1
"2632","证明",6
"2633","证实",1
"2634","郑殿",1
"2635","郑厚芳",1
"2636","郑辉",3
"2637","郑钧",1
"2638","郑林林",2
"2639","郑某",34
"2640","郑旭",2
"2641","郑雪娥",2
"2642","郑优香",3
"2643","郑肇锦",1
"2644","郑肇锦对",1
"2645","政策",2
"2646","政立路",1
"2647","政治权利",4
"2648","之家",2
"2649","之间",3
"2650","之日",1
"2651","之日起",67
"2652","之子",2
"2653","支持",358
"2654","支付",18
"2655","支某",1
"2656","只能",1
"2657","只要",2
"2658","芝均",1
"2659","执行",32
"2660","直接",7
"2661","直至",1
"2662","指标",1
"2663","指定",5
"2664","至今",2
"2665","志达",2
"2666","志丹",1
"2667","志强",4
"2668","制度",2
"2669","质证",2
"2670","秩序",2
"2671","智某",1
"2672","滞纳金",1
"2673","中国",6
"2674","中国建设银行",2
"2675","中国农业银行",1
"2676","中国银行",1
"2677","中华",1
"2678","中华人民",6
"2679","中华人民共和国",6113
"2680","中华人民共和国宪法",1
"2681","中级",3
"2682","中秋",1
"2683","终身",4
"2684","钟某",10
"2685","重归于好",2
"2686","重婚罪",4
"2687","重庆市",5
"2688","重审",1
"2689","重新",1
"2690","周春梅",2
"2691","周翠云",2
"2692","周淮波",2
"2693","周开娜",1
"2694","周某",89
"2695","周岁",1
"2696","周婷",1
"2697","周祥安",2
"2698","周小华",2
"2699","周雪云",2
"2700","周玉娟",2
"2701","周云美",2
"2702","周转",1
"2703","朱会英",2
"2704","朱嘉勋",1
"2705","朱郡",1
"2706","朱琳",2
"2707","朱某",69
"2708","朱士",2
"2709","朱朔",2
"2710","朱涛",1
"2711","朱文",1
"2712","朱萱",1
"2713","朱勋",1
"2714","朱英",1
"2715","朱志亮",1
"2716","朱治笔",1
"2717","珠晖区",1
"2718","诸葛",1
"2719","主持",1
"2720","主要",1
"2721","主张",3
"2722","住所",3
"2723","住宅",2
"2724","祝国飞",1
"2725","祝晓兰",2
"2726","转让",1
"2727","庄某",4
"2728","装潢",1
"2729","装饰",1
"2730","状况",1
"2731","准许",313
"2732","准予",682
"2733","卓某",2
"2734","酌定",2
"2735","酌情",1
"2736","资格",2
"2737","资金",2
"2738","子方",1
"2739","子俊随",1
"2740","子女",86
"2741","子女教育",1
"2742","子孙",2
"2743","子张",1
"2744","訾某",3
"2745","自本",5
"2746","自行",7
"2747","自己",2
"2748","自理",4
"2749","自某",1
"2750","自身",1
"2751","自首",1
"2752","自由恋爱",3
"2753","自愿",2
"2754","字第",2
"2755","宗某",1
"2756","综观",1
"2757","综合",6
"2758","综上",523
"2759","综上所述",574
"2760","总则",42
"2761","邹某",14
"2762","租房",1
"2763","钻戒",1
"2764","最高",3
"2765","最高法院",1
"2766","最高人民法院",1075
"2767","最高人民检察院",4
"2768","最高院",1
"2769","遵照",1
"2770","左某",7
"2771","作案",1
"2772","作出",3
"2773","作价",1
"2774","作为",1
"2775","坐落",1
"2776","坐落于",12
"2777","座落",1
"2778","做法",1
